Table,Column,Data Type,Is Nullable,Max Length
__EFMigrationsHistory,MigrationId,nvarchar,NO,150
__EFMigrationsHistory,MigrationId,nvarchar,NO,150
__EFMigrationsHistory,MigrationId,nvarchar,NO,150
__EFMigrationsHistory,MigrationId,nvarchar,NO,150
__EFMigrationsHistory,MigrationId,nvarchar,NO,150
__EFMigrationsHistory,MigrationId,nvarchar,NO,150
__EFMigrationsHistory,MigrationId,nvarchar,NO,150
__EFMigrationsHistory,MigrationId,nvarchar,NO,150
__EFMigrationsHistory,MigrationId,nvarchar,NO,150
__EFMigrationsHistory,ProductVersion,nvarchar,NO,32
__EFMigrationsHistory,ProductVersion,nvarchar,NO,32
__EFMigrationsHistory,ProductVersion,nvarchar,NO,32
__EFMigrationsHistory,ProductVersion,nvarchar,NO,32
__EFMigrationsHistory,ProductVersion,nvarchar,NO,32
__EFMigrationsHistory,ProductVersion,nvarchar,NO,32
__EFMigrationsHistory,ProductVersion,nvarchar,NO,32
__EFMigrationsHistory,ProductVersion,nvarchar,NO,32
__EFMigrationsHistory,ProductVersion,nvarchar,NO,32
assessor,Id,uniqueidentifier,NO,
assessor,IsAdmin,bit,NO,
assessor,EscritorioId,uniqueidentifier,YES,
assessor,PessoaId,uniqueidentifier,YES,
assessor,CreatedOn,datetime2,NO,
assessor,LastModifiedOn,datetime2,YES,
assessor,ModifiedByUserId,uniqueidentifier,YES,
assessor,Nome,nvarchar,YES,-1
assessor,CreatedByUserId,uniqueidentifier,YES,
assessor,DeletedByUserId,uniqueidentifier,YES,
assessor,DeletedOn,datetime2,YES,
assessor,RowVersion,timestamp,NO,
assessor,Email,nvarchar,YES,-1
AtualizacoesParaInvestidores,Id,uniqueidentifier,NO,
AtualizacoesParaInvestidores,CreatedAt,datetime2,NO,
AtualizacoesParaInvestidores,CampanhaId,int,NO,
AtualizacoesParaInvestidores,Titulo,nvarchar,NO,-1
AtualizacoesParaInvestidores,Conteudo,nvarchar,NO,-1
AtualizacoesParaInvestidores,Tipo,int,NO,
campaign,id,int,NO,
campaign,CNPJ,nvarchar,NO,-1
campaign,name,nvarchar,NO,-1
campaign,target,decimal,YES,
campaign,sector,nvarchar,YES,-1
campaign,maxInvest,decimal,YES,
campaign,logo,nvarchar,YES,-1
campaign,cover,nvarchar,YES,-1
campaign,status,nvarchar,YES,-1
campaign,start,datetime2,YES,
campaign,dueDate,datetime2,YES,
campaign,createdAt,datetime2,YES,
campaign,slug,nvarchar,NO,-1
campaign,type,nvarchar,YES,-1
campaign,juros,nvarchar,YES,-1
campaign,ofName,nvarchar,YES,-1
campaign,closedAt,datetime2,YES,
campaign,metadescription,nvarchar,YES,-1
campaign,isPrivate,bit,NO,
campaign,RentabilidadeAlvo,nvarchar,YES,-1
campaign,ValuationDaRodada,decimal,NO,
campaign,ValuationPreMoney,decimal,NO,
campaign,isListadaBee4,bit,NO,
campaign,TipoLiquidacaoCampanha,int,YES,
campaign,IdDoTermoDeAcordoContratoDeInvestimento,nvarchar,YES,-1
campaign,OndeFicaNoInformeDeRendimentos,int,YES,
campaign,CnpjDaEmpresaNoInformeDeRendimentos,nvarchar,YES,-1
campaign,NomeDaEmpresaNoInformeDeRendimentos,nvarchar,YES,-1
campaign,AnoDeSaidaPraBee4,int,YES,
campaign,AnoDeTransicaoDaSocioOstensiva,int,YES,
campaign,CnpjDaSocioOstensiva,nvarchar,YES,-1
campaign,NomeDaSocioOstensiva,nvarchar,YES,-1
campaign,enviarEmailAposInvestimento,bit,YES,
campaign,gerarContratoAposInvestimento,bit,YES,
campaign,CepCompanhia,nvarchar,YES,-1
campaign,CidadeDaEmpresaParaAssinaturaDoContrato,nvarchar,YES,-1
campaign,DataDaDeliberacaoDeEmissaoDasAcoes,datetime2,YES,
campaign,DeliberacaoDeEmissaoDasAcoes,nvarchar,YES,-1
campaign,EnderecoCompanhia,nvarchar,YES,-1
campaign,EspecieDeAcoes,nvarchar,YES,-1
campaign,NomeEmpresarialDaCompanhia,nvarchar,YES,-1
campaign,PorcentagemDestinadaAoCapitalSocial,decimal,YES,
campaign,PorcentagemDestinadaParaFormacaoDeReservas,decimal,YES,
campaign,QuantidadeAcoesParaVenda,int,YES,
campaign,QuantidadeDeAcoesDeOutrasRodadas,int,YES,
campaign,QuantidadeMinimaDeAcoesParaComprar,int,YES,
campaign,QuantidadeTotalDeAcoesDaEmpresa,int,YES,
campaign,TipoSocietario,int,YES,
campaign,UnidadeFederativaDaEmpresaParaAssinaturaDoContrato,nvarchar,YES,-1
campaign,ValorPorAcao,decimal,YES,
campaign,ValorDoLoteAdicional,decimal,YES,
campanha_contrato_item,Id,uniqueidentifier,NO,
campanha_contrato_item,CampanhaId,int,NO,
campanha_contrato_item,Item,nvarchar,NO,-1
campanha_contrato_item,SubItem,nvarchar,NO,-1
campanha_contrato_item,Texto,nvarchar,NO,-1
campanha_filadeespera,id,int,NO,
campanha_filadeespera,InvestidorId,uniqueidentifier,NO,
campanha_filadeespera,campaign_id,int,NO,
campanha_filadeespera,value,decimal,NO,
campanha_filadeespera,createdAt,datetime2,NO,
campanha_filadeespera,status,nvarchar,NO,-1
CampanhaDadosComplementares,Id,int,NO,
CampanhaDadosComplementares,NomeEmpresarialDaCompanhia,nvarchar,NO,-1
CampanhaDadosComplementares,DataDaDeliberacaoDeEmissaoDasAcoes,datetime2,NO,
CampanhaDadosComplementares,ValorPorAcao,decimal,NO,
CampanhaDadosComplementares,PorcentagemDestinadaAoCapitalSocial,decimal,NO,
CampanhaDadosComplementares,PorcentagemDestinadaParaFormacaoDeReservas,decimal,NO,
CampanhaDadosComplementares,EspecieDeAcoes,nvarchar,NO,-1
CampanhaDadosComplementares,DeliberacaoDeEmissaoDasAcoes,nvarchar,NO,-1
CampanhaDadosComplementares,CidadeDaEmpresaParaAssinaturaDoContrato,nvarchar,NO,-1
CampanhaDadosComplementares,UnidadeFederativaDaEmpresaParaAssinaturaDoContrato,nvarchar,NO,-1
CampanhaDadosComplementares,CreatedOn,datetime2,NO,
CampanhaDadosComplementares,CreatedByUserId,uniqueidentifier,YES,
CampanhaDadosComplementares,LastModifiedOn,datetime2,YES,
CampanhaDadosComplementares,ModifiedByUserId,uniqueidentifier,YES,
CampanhaDadosComplementares,DeletedOn,datetime2,YES,
CampanhaDadosComplementares,DeletedByUserId,uniqueidentifier,YES,
CampanhaDadosComplementares,RowVersion,timestamp,NO,
CampanhaDadosComplementares,QuantidadeAcoesParaVenda,int,NO,
CampanhaDadosComplementares,QuantidadeMinimaDeAcoesParaComprar,int,NO,
CampanhaDadosComplementares,QuantidadeTotalDeAcoesDaEmpresa,int,NO,
CampanhaDadosComplementares,CepCompanhia,nvarchar,NO,-1
CampanhaDadosComplementares,EnderecoCompanhia,nvarchar,NO,-1
CampanhaDadosComplementares,TipoSocietario,int,NO,
CampanhaDadosComplementares,QuantidadeDeAcoesDeOutrasRodadas,int,YES,
CampanhaInformacoesDaBee4,Id,int,NO,
CampanhaInformacoesDaBee4,UltimaVariacaoDoPregao,decimal,NO,
CampanhaInformacoesDaBee4,PrecoDoUltimoNegocio,decimal,NO,
CampanhaInformacoesDaBee4,VolumeNegociado,decimal,NO,
CampanhaInformacoesDaBee4,DataDaUltimaAtualizacao,datetime2,NO,
CampanhaInformacoesDaBee4,CreatedOn,datetime2,NO,
CampanhaInformacoesDaBee4,CreatedByUserId,uniqueidentifier,YES,
CampanhaInformacoesDaBee4,LastModifiedOn,datetime2,YES,
CampanhaInformacoesDaBee4,ModifiedByUserId,uniqueidentifier,YES,
CampanhaInformacoesDaBee4,DeletedOn,datetime2,YES,
CampanhaInformacoesDaBee4,DeletedByUserId,uniqueidentifier,YES,
CampanhaInformacoesDaBee4,RowVersion,timestamp,NO,
Contrato,Id,uniqueidentifier,NO,
Contrato,InvestimentoId,int,NO,
Contrato,CampanhaId,int,NO,
Contrato,ConteudoContrato,nvarchar,YES,-1
Contrato,HashConteudoContrato,nvarchar,YES,-1
Contrato,VersaoContrato,int,NO,
Contrato,TipoContrato,int,NO,
Contrato,DataAssinaturaContrato,datetimeoffset,NO,
Contrato,AssinadoPorUserId,uniqueidentifier,NO,
Contrato,NomeUsuarioAssinatura,varchar,YES,200
Contrato,IpDoUsuario,varchar,YES,200
Contrato,ledger_start_transaction_id,bigint,NO,
Contrato,ledger_start_sequence_number,bigint,NO,
Contrato_Ledger,Id,uniqueidentifier,NO,
Contrato_Ledger,InvestimentoId,int,NO,
Contrato_Ledger,CampanhaId,int,NO,
Contrato_Ledger,ConteudoContrato,nvarchar,YES,-1
Contrato_Ledger,HashConteudoContrato,nvarchar,YES,-1
Contrato_Ledger,VersaoContrato,int,NO,
Contrato_Ledger,TipoContrato,int,NO,
Contrato_Ledger,DataAssinaturaContrato,datetimeoffset,NO,
Contrato_Ledger,AssinadoPorUserId,uniqueidentifier,NO,
Contrato_Ledger,NomeUsuarioAssinatura,varchar,YES,200
Contrato_Ledger,IpDoUsuario,varchar,YES,200
Contrato_Ledger,ledger_transaction_id,bigint,NO,
Contrato_Ledger,ledger_sequence_number,bigint,NO,
Contrato_Ledger,ledger_operation_type,int,NO,
Contrato_Ledger,ledger_operation_type_desc,nvarchar,NO,6
ContratoItems,Id,uniqueidentifier,NO,
ContratoItems,CampanhaId,int,NO,
ContratoItems,Item,nvarchar,NO,-1
ContratoItems,SubItem,nvarchar,NO,-1
ContratoItems,Texto,nvarchar,NO,-1
Contratos,Id,int,NO,
Contratos,Texto,varchar,YES,-1
Contratos,CreatedOn,datetime2,NO,
Contratos,LastModifiedOn,datetime2,YES,
Contratos,ModifiedByUserId,uniqueidentifier,YES,
Contratos,CreatedByUserId,uniqueidentifier,YES,
Contratos,DeletedByUserId,uniqueidentifier,YES,
Contratos,DeletedOn,datetime2,YES,
Contratos,RowVersion,timestamp,NO,
convite,Id,uniqueidentifier,NO,
convite,CPF,nvarchar,YES,-1
convite,Nome,nvarchar,NO,-1
convite,Status,int,NO,
convite,AssessorId,uniqueidentifier,NO,
convite,Email,varchar,YES,200
convite,Celular,nvarchar,YES,-1
convite,CNPJ,varchar,YES,20
convite,Razao_Social,varchar,YES,120
convite,CreatedOn,datetime2,NO,
convite,LastModifiedOn,datetime2,YES,
convite,ModifiedByUserId,uniqueidentifier,YES,
convite,EscritorioId,uniqueidentifier,YES,
convite,CreatedByUserId,uniqueidentifier,YES,
convite,DeletedByUserId,uniqueidentifier,YES,
convite,DeletedOn,datetime2,YES,
convite,RowVersion,timestamp,NO,
database_firewall_rules,id,int,NO,
database_firewall_rules,name,nvarchar,NO,128
database_firewall_rules,start_ip_address,varchar,NO,45
database_firewall_rules,end_ip_address,varchar,NO,45
database_firewall_rules,create_date,datetime,NO,
database_firewall_rules,modify_date,datetime,NO,
DocumentosDeRegulamentacao,Id,uniqueidentifier,NO,
DocumentosDeRegulamentacao,Nome,nvarchar,NO,-1
DocumentosDeRegulamentacao,Url,nvarchar,NO,-1
DocumentosDeRegulamentacao,CreatedOn,datetime2,NO,
DocumentosDeRegulamentacao,CreatedByUserId,uniqueidentifier,YES,
DocumentosDeRegulamentacao,LastModifiedOn,datetime2,YES,
DocumentosDeRegulamentacao,ModifiedByUserId,uniqueidentifier,YES,
DocumentosDeRegulamentacao,DeletedOn,datetime2,YES,
DocumentosDeRegulamentacao,DeletedByUserId,uniqueidentifier,YES,
empresa,Id,uniqueidentifier,NO,
empresa,CNPJ,varchar,YES,20
empresa,Razao_Social,varchar,YES,120
empresa,Nome_Fantasia,varchar,YES,50
empresa,Data_Constituicao,datetime2,YES,
empresa,Codigo_Atividade_Economica,varchar,YES,120
empresa,Faturamento_Medio_Mensal,decimal,YES,
empresa,Data_Referencia_Faturamento,datetime2,YES,
empresa,Valor_Patrimonial,decimal,YES,
empresa,Data_Referencia_Situacao_Patrimonial,datetime2,YES,
empresa,CreatedOn,datetime2,NO,
empresa,LastModifiedOn,datetime2,YES,
empresa,ModifiedByUserId,uniqueidentifier,YES,
empresa,CreatedByUserId,uniqueidentifier,YES,
empresa,DeletedByUserId,uniqueidentifier,YES,
empresa,DeletedOn,datetime2,YES,
empresa,RowVersion,timestamp,NO,
empresa_complemento,Id,uniqueidentifier,NO,
empresa_complemento,Nome_Tipo_societario,varchar,YES,50
empresa_complemento,Atividade_Principal,varchar,YES,30
empresa_complemento,Capital_Social,decimal,NO,
empresa_complemento,Regime_Tributario,int,YES,
empresa_complemento,Grupo_Economico,varchar,YES,30
empresa_complemento,IsAdministrador_Cartoes,bit,YES,
empresa_complemento,IsEmpresa_Trust,bit,YES,
empresa_complemento,IsFacilitadora_Pagamentos,bit,YES,
empresa_complemento,Natureza_Juridica,varchar,YES,10
empresa_complemento,Orgao_Regulador,int,NO,
empresa_complemento,Descricao_Receita_Renda,varchar,YES,100
empresa_complemento,Descricao_Patrimonio,varchar,YES,100
empresa_complemento,EmpresaId,uniqueidentifier,NO,
empresa_endereco,Id,uniqueidentifier,NO,
empresa_endereco,EmpresaId,uniqueidentifier,NO,
empresa_endereco,CEP,varchar,YES,8
empresa_endereco,Estado,varchar,YES,2
empresa_endereco,Cidade,varchar,YES,255
empresa_endereco,Pais,varchar,YES,45
empresa_endereco,Bairro,varchar,YES,255
empresa_endereco,Logradouro,varchar,YES,255
empresa_endereco,Numero,varchar,YES,15
empresa_endereco,Complemento,varchar,YES,200
empresa_endereco,Principal,bit,YES,
empresa_endereco,TipoEndereco,int,YES,
empresa_endereco,IsCEPValido,bit,YES,
empresa_telefone,Id,uniqueidentifier,NO,
empresa_telefone,EmpresaId,uniqueidentifier,NO,
empresa_telefone,CreatedOn,datetime2,NO,
empresa_telefone,LastModifiedOn,datetime2,YES,
empresa_telefone,ModifiedByUserId,uniqueidentifier,YES,
empresa_telefone,CodigoPais,bigint,YES,
empresa_telefone,DDD,bigint,YES,
empresa_telefone,Numero,decimal,YES,
empresa_telefone,Observacao,nvarchar,YES,255
empresa_telefone,Ramal,decimal,YES,
empresa_telefone,IsPrimary,bit,NO,
empresa_telefone,TipoTelefone,int,YES,
empresa_telefone,CreatedByUserId,uniqueidentifier,YES,
empresa_telefone,DeletedByUserId,uniqueidentifier,YES,
empresa_telefone,DeletedOn,datetime2,YES,
empresa_telefone,RowVersion,timestamp,NO,
escritorio,Id,uniqueidentifier,NO,
escritorio,CreatedOn,datetime2,NO,
escritorio,LastModifiedOn,datetime2,YES,
escritorio,ModifiedByUserId,uniqueidentifier,YES,
escritorio,Nome,nvarchar,YES,-1
escritorio,CreatedByUserId,uniqueidentifier,YES,
escritorio,DeletedByUserId,uniqueidentifier,YES,
escritorio,DeletedOn,datetime2,YES,
escritorio,RowVersion,timestamp,NO,
escritorio,Cnpj,nvarchar,YES,-1
escritorio,RazaoSocial,nvarchar,YES,-1
escritorio,NomeFantasia,nvarchar,YES,-1
escritorio,Cep,nvarchar,YES,-1
escritorio,Cidade,nvarchar,YES,-1
escritorio,Bairro,nvarchar,YES,-1
escritorio,Logradouro,nvarchar,YES,-1
escritorio,Numero,nvarchar,YES,-1
escritorio,Complemento,nvarchar,YES,-1
escritorio,Telefone,nvarchar,YES,-1
escritorio,Estado,char,YES,2
escritorio_assessor,Id,uniqueidentifier,NO,
escritorio_assessor,EscritorioId,uniqueidentifier,NO,
escritorio_assessor,AssessorId,uniqueidentifier,YES,
escritorio_assessor,IsAdmin,bit,NO,
escritorio_assessor,CreatedOn,datetime2,NO,
escritorio_assessor,LastModifiedOn,datetime2,YES,
escritorio_assessor,ModifiedByUserId,uniqueidentifier,YES,
escritorio_assessor,CreatedByUserId,uniqueidentifier,YES,
escritorio_assessor,DeletedByUserId,uniqueidentifier,YES,
escritorio_assessor,DeletedOn,datetime2,YES,
escritorio_assessor,RowVersion,timestamp,NO,
escritorio_investidor,Id,uniqueidentifier,NO,
escritorio_investidor,EscritorioId,uniqueidentifier,NO,
escritorio_investidor,InvestidorId,uniqueidentifier,NO,
escritorio_investidor,AssessorId,uniqueidentifier,YES,
escritorio_investidor,CreatedOn,datetime2,NO,
escritorio_investidor,LastModifiedOn,datetime2,YES,
escritorio_investidor,ModifiedByUserId,uniqueidentifier,YES,
escritorio_investidor,CreatedByUserId,uniqueidentifier,YES,
escritorio_investidor,DeletedByUserId,uniqueidentifier,YES,
escritorio_investidor,DeletedOn,datetime2,YES,
escritorio_investidor,RowVersion,timestamp,NO,
FilasDeEsperaView,Id,int,NO,
FilasDeEsperaView,Valor,decimal,NO,
FilasDeEsperaView,Status,nvarchar,NO,-1
FilasDeEsperaView,DataDeCriacao,datetime2,NO,
FilasDeEsperaView,InvestidorId,uniqueidentifier,NO,
FilasDeEsperaView,NomeDoInvestidor,nvarchar,YES,-1
FilasDeEsperaView,CampanhaId,int,NO,
FilasDeEsperaView,NomeDaCampanha,nvarchar,YES,-1
FilasDeEsperaView,AssessorId,uniqueidentifier,YES,
FilasDeEsperaView,NomeDoAssessor,nvarchar,YES,-1
FilasDeEsperaView,EscritorioId,uniqueidentifier,YES,
FilasDeEsperaView,NomeDoEscritorio,nvarchar,YES,-1
InformesDeRendimentos,Id,uniqueidentifier,NO,
InformesDeRendimentos,InvestidorId,uniqueidentifier,NO,
InformesDeRendimentos,Url,nvarchar,YES,-1
InformesDeRendimentos,EmailFoiEnviado,bit,NO,
InformesDeRendimentos,DataDeEnvioDoEmail,datetime2,YES,
InformesDeRendimentos,AnoCalendario,int,NO,
InformesDeRendimentos,Status,int,NO,
InformesDeRendimentos,DataDeAtualizacaoDoStatus,datetime2,NO,
InformesDeRendimentos,CreatedOn,datetime2,NO,
InformesDeRendimentos,CreatedByUserId,uniqueidentifier,YES,
InformesDeRendimentos,LastModifiedOn,datetime2,YES,
InformesDeRendimentos,ModifiedByUserId,uniqueidentifier,YES,
InformesDeRendimentos,DeletedOn,datetime2,YES,
InformesDeRendimentos,DeletedByUserId,uniqueidentifier,YES,
InformesDeRendimentos,RowVersion,timestamp,NO,
investidor,Id,uniqueidentifier,NO,
investidor,TipoCadastro,char,YES,2
investidor,Status,int,YES,
investidor,Observacao,nvarchar,YES,-1
investidor,Nome,nvarchar,YES,-1
investidor,IsAdministrador_De_Fundos_Carteiras_Administradas,bit,YES,
investidor,IsPessoa_Vinculada_Ao_Intermediario,bit,YES,
investidor,IsTransmissao_Ordens_Por_Procurador,bit,YES,
investidor,Email,varchar,YES,200
investidor,PessoaId,uniqueidentifier,YES,
investidor,EmpresaId,uniqueidentifier,YES,
investidor,CreatedOn,datetime2,NO,
investidor,LastModifiedOn,datetime2,YES,
investidor,ModifiedByUserId,uniqueidentifier,YES,
investidor,DataPerfilInvestimentoAceito,datetime2,YES,
investidor,IsPerfilInvestimentoAceito,bit,YES,
investidor,Origem,nvarchar,YES,-1
investidor,ADVICE_CD_CONTRAPARTE,varchar,YES,20
investidor,StatusBackoffice,int,YES,
investidor,ADVICE_PROTOCOLO,uniqueidentifier,YES,
investidor,AdviceStatus,int,YES,
investidor,Advice_Risco,int,YES,
investidor,AdviceStatusLastModifiedOn,datetime2,YES,
investidor,BEE4Status,int,YES,
investidor,BEE4StatusLastModifiedOn,datetime2,YES,
investidor,BEE4Status_Remoto,nvarchar,YES,-1
investidor,CreatedByUserId,uniqueidentifier,YES,
investidor,DeletedByUserId,uniqueidentifier,YES,
investidor,DeletedOn,datetime2,YES,
investidor,RowVersion,timestamp,NO,
investidor_administrador,Id,uniqueidentifier,NO,
investidor_administrador,Nome,varchar,YES,120
investidor_administrador,CPF,char,YES,11
investidor_administrador,IsPEP,bit,NO,
investidor_administrador,EmpresaId,uniqueidentifier,NO,
investidor_administrador,CreatedOn,datetime2,NO,
investidor_administrador,LastModifiedOn,datetime2,YES,
investidor_administrador,ModifiedByUserId,uniqueidentifier,YES,
investidor_administrador,CreatedByUserId,uniqueidentifier,YES,
investidor_administrador,DeletedByUserId,uniqueidentifier,YES,
investidor_administrador,DeletedOn,datetime2,YES,
investidor_administrador,RowVersion,timestamp,NO,
investidor_cadastro,Id,uniqueidentifier,NO,
investidor_cadastro,DataInicioCadastro,datetimeoffset,YES,
investidor_cadastro,DataCadastroDadosPessoais,datetimeoffset,YES,
investidor_cadastro,DataAtualizacaoDadosPessoais,datetimeoffset,YES,
investidor_cadastro,DataCadastroDadosAdicionais,datetimeoffset,YES,
investidor_cadastro,DataAtualizacaoDadosAdicionais,datetimeoffset,YES,
investidor_cadastro,DataCadastroSuitability,datetimeoffset,YES,
investidor_cadastro,DataAtualizacaoSuitability,datetimeoffset,YES,
investidor_cadastro,DataCadastroDocumentos,datetimeoffset,YES,
investidor_cadastro,DataAtualizacaoDocumentos,datetimeoffset,YES,
investidor_cadastro,DataAtualizacaoContrato,datetimeoffset,YES,
investidor_cadastro,DataFinalizacaoCadastro,datetimeoffset,YES,
investidor_cadastro,DataAtualizacaoCadastro,datetimeoffset,YES,
investidor_cadastro,DataAtualizacaoCadastroRegulatorio,datetimeoffset,YES,
investidor_complemento,Id,uniqueidentifier,NO,
investidor_complemento,grossIncome,nvarchar,YES,-1
investidor_complemento,biggestValue,decimal,YES,
investidor_complemento,anotherPlatform,nvarchar,YES,-1
investidor_complemento,platValue,decimal,YES,
investidor_complemento,politicExpose,bit,YES,
investidor_complemento,CreatedOn,datetime2,NO,
investidor_complemento,LastModifiedOn,datetime2,YES,
investidor_complemento,ModifiedByUserId,uniqueidentifier,YES,
investidor_complemento,CreatedByUserId,uniqueidentifier,YES,
investidor_complemento,DeletedByUserId,uniqueidentifier,YES,
investidor_complemento,DeletedOn,datetime2,YES,
investidor_complemento,DeclaroQueIreiAtualizarMinhasInformacoesNaBeegin,bit,YES,
investidor_complemento,ObservacoesDoBackoffice,nvarchar,NO,-1
investidor_complemento,RowVersion,timestamp,NO,
Investidor_Contratos,Id,uniqueidentifier,NO,
Investidor_Contratos,InvestidorId,uniqueidentifier,NO,
Investidor_Contratos,DataAssinatura,datetime2,NO,
Investidor_Contratos,ContratoId,int,NO,
Investidor_Contratos,CreatedOn,datetime2,NO,
Investidor_Contratos,LastModifiedOn,datetime2,YES,
Investidor_Contratos,ModifiedByUserId,uniqueidentifier,YES,
Investidor_Contratos,CreatedByUserId,uniqueidentifier,YES,
Investidor_Contratos,DeletedByUserId,uniqueidentifier,YES,
Investidor_Contratos,DeletedOn,datetime2,YES,
Investidor_Contratos,RowVersion,timestamp,NO,
investidor_controlador,Id,uniqueidentifier,NO,
investidor_controlador,Nome,varchar,YES,120
investidor_controlador,Documento,varchar,YES,20
investidor_controlador,Tipo,char,NO,2
investidor_controlador,IsPEP,bit,NO,
investidor_controlador,EmpresaId,uniqueidentifier,NO,
investidor_controlador,CreatedOn,datetime2,NO,
investidor_controlador,LastModifiedOn,datetime2,YES,
investidor_controlador,ModifiedByUserId,uniqueidentifier,YES,
investidor_controlador,CreatedByUserId,uniqueidentifier,YES,
investidor_controlador,DeletedByUserId,uniqueidentifier,YES,
investidor_controlador,DeletedOn,datetime2,YES,
investidor_controlador,RowVersion,timestamp,NO,
investidor_dadobancario,Id,uniqueidentifier,NO,
investidor_dadobancario,InvestidorId,uniqueidentifier,NO,
investidor_dadobancario,Nome_Banco,varchar,YES,150
investidor_dadobancario,Numero_Agencia,varchar,YES,10
investidor_dadobancario,Numero_Conta,varchar,YES,20
investidor_dadobancario,Numero_Banco,nvarchar,YES,-1
investidor_dadobancario,Numero_Conta_Digito,varchar,YES,10
investidor_documento,Id,uniqueidentifier,NO,
investidor_documento,InvestidorId,uniqueidentifier,NO,
investidor_documento,Tipo,int,NO,
investidor_documento,Url,nvarchar,YES,-1
investidor_documento,Nome,nvarchar,YES,-1
investidor_documento,IsObrigatorio,bit,NO,
investidor_documento,CreatedOn,datetime2,NO,
investidor_documento,LastModifiedOn,datetime2,YES,
investidor_documento,ModifiedByUserId,uniqueidentifier,YES,
investidor_documento,CreatedByUserId,uniqueidentifier,YES,
investidor_documento,DeletedByUserId,uniqueidentifier,YES,
investidor_documento,DeletedOn,datetime2,YES,
investidor_documento,DocumentoDeIdentificacao,int,YES,
investidor_documento,RowVersion,timestamp,NO,
investidor_integracao_advice_logs,Id,uniqueidentifier,NO,
investidor_integracao_advice_logs,InvestidorId,uniqueidentifier,NO,
investidor_integracao_advice_logs,Data,datetime2,NO,
investidor_integracao_advice_logs,Observacao,nvarchar,YES,-1
investidor_integracao_advice_logs,RequestBody,nvarchar,YES,-1
investidor_integracao_advice_logs,ResponseBody,nvarchar,YES,-1
investidor_integracao_advice_logs,HttpStatusCode,int,YES,
investidor_integracao_advice_logs,RunByUserId,uniqueidentifier,NO,
investidor_integracao_advice_logs,CreatedOn,datetime2,NO,
investidor_integracao_advice_logs,WebService_URL,nvarchar,YES,-1
investidor_integracao_advice_logs,Nome,nvarchar,YES,-1
investidor_investimento,id,int,NO,
investidor_investimento,InvestidorId,uniqueidentifier,YES,
investidor_investimento,AssessorId,uniqueidentifier,YES,
investidor_investimento,campaign_id,int,NO,
investidor_investimento,value,decimal,NO,
investidor_investimento,createdAt,datetime2,NO,
investidor_investimento,status,nvarchar,NO,-1
investidor_investimento,document,nvarchar,YES,-1
investidor_investimento,status_fitbank,nvarchar,YES,-1
investidor_investimento,contrato,nvarchar,YES,-1
investidor_investimento,DataDaUltimaValidacaoComFitbank,datetime2,YES,
investidor_investimento,CreatedByUserId,uniqueidentifier,YES,
investidor_investimento,CreatedOn,datetime2,NO,
investidor_investimento,DeletedByUserId,uniqueidentifier,YES,
investidor_investimento,DeletedOn,datetime2,YES,
investidor_investimento,LastModifiedOn,datetime2,YES,
investidor_investimento,ModifiedByUserId,uniqueidentifier,YES,
investidor_investimento,RowVersion,timestamp,NO,
investidor_suitability_resposta,Id,uniqueidentifier,NO,
investidor_suitability_resposta,InvestidorId,uniqueidentifier,NO,
investidor_suitability_resposta,RespostaId,int,NO,
investidor_suitability_resposta,CreatedOn,datetime2,NO,
investidor_suitability_resposta,LastModifiedOn,datetime2,YES,
investidor_suitability_resposta,ModifiedByUserId,uniqueidentifier,YES,
investidor_suitability_resposta,PerguntaId,int,NO,
investidor_suitability_resposta,CreatedByUserId,uniqueidentifier,YES,
investidor_suitability_resposta,DeletedByUserId,uniqueidentifier,YES,
investidor_suitability_resposta,DeletedOn,datetime2,YES,
investidor_suitability_resposta,RowVersion,timestamp,NO,
Investidores,Id,uniqueidentifier,NO,
Investidores,IdString,char,YES,36
Investidores,Nome,nvarchar,YES,-1
Investidores,DataCadastro,datetime2,NO,
Investidores,Documento,nvarchar,YES,450
Investidores,NomeRazaoSocial,nvarchar,YES,255
Investidores,Email,varchar,YES,200
Investidores,TipoCadastro,char,YES,2
Investidores,Status,varchar,YES,10
Investidores,StatusAdvice,varchar,NO,12
Investidores,StatusBackoffice,varchar,YES,10
Investidores,AdviceRisco,varchar,NO,40
Investidores,Bee4Status,varchar,NO,10
Investidores,BEE4Status_Remoto,nvarchar,YES,-1
Investidores,ADVICE_PROTOCOLO,uniqueidentifier,YES,
Investidores,UltimaAtualizacaoAdvice,datetime2,YES,
Investidores,UltimaAtualizacaoBee4,datetime2,YES,
Investidores,EmailConfirmed,bit,YES,
Investidores_Payment_Accounts,Id,uniqueidentifier,NO,
Investidores_Payment_Accounts,InvestidorId,uniqueidentifier,NO,
Investidores_Payment_Accounts,Numero_Banco,nvarchar,YES,-1
Investidores_Payment_Accounts,Numero_Agencia,nvarchar,YES,-1
Investidores_Payment_Accounts,Numero_Conta,nvarchar,YES,-1
Investidores_Payment_Accounts,Numero_Conta_Digito,nvarchar,YES,-1
InvestidoresView,Id,uniqueidentifier,NO,
InvestidoresView,Nome,nvarchar,YES,-1
InvestidoresView,Email,varchar,YES,200
InvestidoresView,CpfOuCnpj,nvarchar,YES,450
InvestidoresView,AssessorId,uniqueidentifier,YES,
InvestidoresView,NomeDoAssessor,nvarchar,YES,-1
InvestidoresView,EscritorioId,uniqueidentifier,YES,
InvestidoresView,NomeDoEscritorio,nvarchar,YES,-1
InvestidoresView,DataDoCadastro,datetime2,NO,
InvestidoresView,Status,int,YES,
InvestidoresView,StatusBackoffice,int,YES,
InvestidoresView,Origem,nvarchar,YES,-1
Investimento,Id,int,NO,
Investimento,InvestidorId,uniqueidentifier,NO,
Investimento,AssessorId,uniqueidentifier,YES,
Investimento,CampanhaId,int,NO,
Investimento,ValorInvestido,decimal,NO,
Investimento,NumeroAcoes,int,YES,
Investimento,OrigemInvestimentoId,int,YES,
Investimento,DataCessao,datetimeoffset,YES,
Investimento,Status,int,YES,
Investimento,Contrato,varchar,YES,-1
Investimento,CreatedOn,datetimeoffset,NO,
Investimento,CreatedByUserId,uniqueidentifier,YES,
Investimento,LastModifiedOn,datetime2,YES,
Investimento,ModifiedByUserId,uniqueidentifier,YES,
Investimento,ledger_start_transaction_id,bigint,NO,
Investimento,ledger_end_transaction_id,bigint,YES,
Investimento,ledger_start_sequence_number,bigint,NO,
Investimento,ledger_end_sequence_number,bigint,YES,
Investimento_Controle,Id,int,NO,
Investimento_Controle,FitBank_TransacaoId,nvarchar,YES,-1
Investimento_Controle,FitBank_Status,nvarchar,YES,-1
Investimento_Controle,FitBank_DataUltimaAtualizacao,datetimeoffset,YES,
Investimento_Controle,Investimento_Liquidacao_BEE4_DataUltimaRequisicaoCreateReserve,datetimeoffset,YES,
Investimento_Controle,Investimento_Liquidacao_BEE4_DataUltimaRequisicaoGetReserve,datetimeoffset,YES,
Investimento_Controle,Investimento_Liquidacao_BEE4_Status,nvarchar,YES,-1
Investimento_Controle,TipoLiquidacaoCampanha,int,YES,
Investimento_Controle,Investimento_Liquidacao_BEE4_CreateReserveRequestCount,int,YES,
Investimento_Controle,Investimento_Liquidacao_BEE4_GetReserveRequestCount,int,YES,
Investimento_Controle,Investimento_Liquidacao_BEE4_DataUltimaRequisicaoCancelReserve,datetimeoffset,YES,
Investimento_Controle,Investimento_Liquidacao_BEE4_CancelReserveRequestCount,int,YES,
Investimento_Controle,Investimento_Liquidacao_BEE4_LastErrorMessage,nvarchar,YES,-1
Investimento_Controle,Investimento_Liquidacao_BEE4_LastHttpStatus,int,YES,
Investimento_Controle,Investimento_Liquidacao_BEE4_RegisterId,uniqueidentifier,YES,
Investimento_Controle,Investimento_Liquidacao_BEE4_ReserveId,uniqueidentifier,YES,
Investimento_Controle,DataCancelamento,datetimeoffset,YES,
Investimento_Controle,DataConfirmacao,datetimeoffset,YES,
Investimento_Controle,DataCriacao,datetimeoffset,YES,
Investimento_Controle,DataExecucao,datetimeoffset,YES,
Investimento_Controle,DataSolicitacaoCancelamento,datetimeoffset,YES,
Investimento_Controle,DataSolicitacaoExecucao,datetimeoffset,YES,
Investimento_Controle,StatusLiquidacao,int,YES,
Investimento_Controle,Investimento_Liquidacao_BEE4_DataUltimaRequisicaoExecuteReserve,datetimeoffset,YES,
Investimento_Controle,Investimento_Liquidacao_BEE4_ExecuteReserveRequestCount,int,YES,
Investimento_Controle,NumeroDeAcoesBloqueadas,int,YES,
Investimento_Historico,Id,int,NO,
Investimento_Historico,InvestidorId,uniqueidentifier,NO,
Investimento_Historico,AssessorId,uniqueidentifier,YES,
Investimento_Historico,CampanhaId,int,NO,
Investimento_Historico,ValorInvestido,decimal,NO,
Investimento_Historico,NumeroAcoes,int,YES,
Investimento_Historico,OrigemInvestimentoId,int,YES,
Investimento_Historico,DataCessao,datetimeoffset,YES,
Investimento_Historico,Status,int,YES,
Investimento_Historico,Contrato,varchar,YES,-1
Investimento_Historico,CreatedOn,datetimeoffset,NO,
Investimento_Historico,CreatedByUserId,uniqueidentifier,YES,
Investimento_Historico,LastModifiedOn,datetime2,YES,
Investimento_Historico,ModifiedByUserId,uniqueidentifier,YES,
Investimento_Historico,ledger_start_transaction_id,bigint,NO,
Investimento_Historico,ledger_end_transaction_id,bigint,YES,
Investimento_Historico,ledger_start_sequence_number,bigint,NO,
Investimento_Historico,ledger_end_sequence_number,bigint,YES,
Investimento_Ledger,Id,int,NO,
Investimento_Ledger,InvestidorId,uniqueidentifier,NO,
Investimento_Ledger,AssessorId,uniqueidentifier,YES,
Investimento_Ledger,CampanhaId,int,NO,
Investimento_Ledger,ValorInvestido,decimal,NO,
Investimento_Ledger,NumeroAcoes,int,YES,
Investimento_Ledger,OrigemInvestimentoId,int,YES,
Investimento_Ledger,DataCessao,datetimeoffset,YES,
Investimento_Ledger,Status,int,YES,
Investimento_Ledger,Contrato,varchar,YES,-1
Investimento_Ledger,CreatedOn,datetimeoffset,NO,
Investimento_Ledger,CreatedByUserId,uniqueidentifier,YES,
Investimento_Ledger,LastModifiedOn,datetime2,YES,
Investimento_Ledger,ModifiedByUserId,uniqueidentifier,YES,
Investimento_Ledger,ledger_transaction_id,bigint,YES,
Investimento_Ledger,ledger_sequence_number,bigint,YES,
Investimento_Ledger,ledger_operation_type,int,NO,
Investimento_Ledger,ledger_operation_type_desc,nvarchar,NO,6
Investimentos,Id,int,NO,
Investimentos,Nome,nvarchar,YES,-1
Investimentos,InvestidorId,uniqueidentifier,NO,
Investimentos,CampanhaId,int,NO,
Investimentos,ValorInvestido,decimal,NO,
Investimentos,NumeroAcoes,int,YES,
Investimentos,Status,int,YES,
Investimentos,CreatedOn,datetimeoffset,NO,
Investimentos,RegisterId,uniqueidentifier,YES,
Investimentos,ReserveId,uniqueidentifier,YES,
Investimentos,DataUltimaRequisicaoGetReserve,datetimeoffset,YES,
Investimentos,DataUltimaRequisicaoCancelReserve,datetimeoffset,YES,
Investimentos,DataUltimaRequisicaoExecuteReserve,datetimeoffset,YES,
Investimentos,DataCriacao,datetimeoffset,YES,
Investimentos,TipoLiquidacaoCampanha,int,YES,
Investimentos,DataSolicitacaoCancelamento,datetimeoffset,YES,
Investimentos,DataCancelamento,datetimeoffset,YES,
Investimentos,DataConfirmacao,datetimeoffset,YES,
Investimentos,DataSolicitacaoExecucao,datetimeoffset,YES,
Investimentos,DataExecucao,datetimeoffset,YES,
Investimentos,StatusLiquidacao,int,YES,
InvestimentosView,Id,int,NO,
InvestimentosView,Valor,decimal,NO,
InvestimentosView,Status,int,YES,
InvestimentosView,DataDeCriacao,datetimeoffset,NO,
InvestimentosView,InvestidorId,uniqueidentifier,NO,
InvestimentosView,NomeDoInvestidor,nvarchar,YES,-1
InvestimentosView,CampanhaId,int,NO,
InvestimentosView,QuantidadeDeAcoes,int,YES,
InvestimentosView,NomeDaCampanha,nvarchar,YES,-1
InvestimentosView,AssessorId,uniqueidentifier,YES,
InvestimentosView,NomeDoAssessor,nvarchar,YES,-1
InvestimentosView,EscritorioId,uniqueidentifier,YES,
InvestimentosView,NomeDoEscritorio,nvarchar,YES,-1
InvestimentosView,TipoDeCampanha,nvarchar,YES,-1
InvestimentosView,CampanhaEstaListadaNaBee4,bit,YES,
InvestimentosView,StatusDaCampanha,nvarchar,YES,-1
InvestimentosView,UrlDoContratoDoInvestimento,varchar,YES,-1
InvestimentosView,EspecieDeAcoesDaCampanha,nvarchar,YES,-1
InvestimentosView,JurosDaCampanha,nvarchar,YES,-1
InvestimentosView,NumeroDeAcoesBloqueadas,int,YES,
InvestimentoView,Id,int,NO,
InvestimentoView,InvestidorId,uniqueidentifier,NO,
InvestimentoView,AssessorId,uniqueidentifier,YES,
InvestimentoView,CampanhaId,int,NO,
InvestimentoView,ValorInvestido,decimal,NO,
InvestimentoView,OrigemInvestimentoId,int,YES,
InvestimentoView,Status,int,YES,
InvestimentoView,Contrato,varchar,YES,-1
InvestimentoView,CreatedOn,datetimeoffset,NO,
InvestimentoView,CreatedByUserId,uniqueidentifier,YES,
InvestimentoView,LastModifiedOn,datetime2,YES,
InvestimentoView,ModifiedByUserId,uniqueidentifier,YES,
InvestimentoView,ledger_start_transaction_id,bigint,NO,
InvestimentoView,ledger_end_transaction_id,bigint,YES,
InvestimentoView,ledger_start_sequence_number,bigint,NO,
InvestimentoView,ledger_end_sequence_number,bigint,YES,
InvestimentoView,Investidor_Nome,nvarchar,YES,255
InvestimentoView,Investidor_Documento,nvarchar,YES,450
InvestimentoView,Assessor_Nome,nvarchar,YES,255
InvestimentoView,Escritorio_Nome,varchar,YES,120
InvestimentoView,Escritorio_CNPJ,varchar,YES,20
InvestimentoView,EscritorioId,uniqueidentifier,YES,
InvestimentoView,StatusAntigo,varchar,NO,12
InvestimentoView,FitBank_DataUltimaAtualizacao,datetimeoffset,YES,
InvestimentoView,FitBank_Status,nvarchar,YES,-1
InvestimentoView,FitBank_TransacaoId,nvarchar,YES,-1
InvestimentoView,NomeDaCampanha,nvarchar,YES,-1
InvestimentoView,StatusDaCampanha,nvarchar,YES,-1
InvestimentoView,DataDeEncerramentoDaCampanha,datetime2,YES,
InvestimentoView,JurosDaCampanha,nvarchar,YES,-1
InvestimentoView,UrlDoContrato,varchar,YES,-1
InvestimentoView,PerfilDoInvestidor,nvarchar,YES,-1
ipv6_database_firewall_rules,id,int,NO,
ipv6_database_firewall_rules,name,nvarchar,NO,128
ipv6_database_firewall_rules,start_ipv6_address,varchar,NO,45
ipv6_database_firewall_rules,end_ipv6_address,varchar,NO,45
ipv6_database_firewall_rules,create_date,datetime,NO,
ipv6_database_firewall_rules,modify_date,datetime,NO,
LedgerDeInvestimentosView,Id,int,NO,
LedgerDeInvestimentosView,CampanhaId,int,NO,
LedgerDeInvestimentosView,NomeDaCampanha,nvarchar,YES,-1
LedgerDeInvestimentosView,VendedorId,uniqueidentifier,YES,
LedgerDeInvestimentosView,DocumentoDoVendedor,nvarchar,YES,450
LedgerDeInvestimentosView,NomeDoVendedor,nvarchar,YES,-1
LedgerDeInvestimentosView,CompradorId,uniqueidentifier,YES,
LedgerDeInvestimentosView,DocumentoDoComprador,nvarchar,YES,450
LedgerDeInvestimentosView,NomeDoComprador,nvarchar,YES,-1
LedgerDeInvestimentosView,Valor,decimal,NO,
LedgerDeInvestimentosView,DataDaCessao,datetimeoffset,YES,
LedgerDeInvestimentosView,Contrato,varchar,YES,-1
LedgerDeInvestimentosView,OrigemInvestimentoId,int,YES,
LedgerDeInvestimentosView,Status,int,YES,
LedgerDeInvestimentosView,ledger_operation_type,int,NO,
LedgerDeInvestimentosView,ledger_transaction_id,bigint,YES,
LedgerDeInvestimentosView,CreatedOn,datetimeoffset,NO,
MigracoesDeCadastro,Id,uniqueidentifier,NO,
MigracoesDeCadastro,InvestidorId,uniqueidentifier,NO,
MigracoesDeCadastro,AceitaFazerMigracao,bit,NO,
MigracoesDeCadastro,DataDoRegistro,datetimeoffset,NO,
MigracoesDeCadastro,EnderecoDeIpDaRequisicao,nvarchar,YES,-1
MSSQL_DroppedLedgerHistory_Investimento_Historico_54C3BF03476142428B37F29B33B26C75,Id,int,NO,
MSSQL_DroppedLedgerHistory_Investimento_Historico_54C3BF03476142428B37F29B33B26C75,InvestidorId,uniqueidentifier,NO,
MSSQL_DroppedLedgerHistory_Investimento_Historico_54C3BF03476142428B37F29B33B26C75,AssessorId,uniqueidentifier,NO,
MSSQL_DroppedLedgerHistory_Investimento_Historico_54C3BF03476142428B37F29B33B26C75,CampanhaId,int,NO,
MSSQL_DroppedLedgerHistory_Investimento_Historico_54C3BF03476142428B37F29B33B26C75,Tipo,int,YES,
MSSQL_DroppedLedgerHistory_Investimento_Historico_54C3BF03476142428B37F29B33B26C75,ValorInvestido,decimal,NO,
MSSQL_DroppedLedgerHistory_Investimento_Historico_54C3BF03476142428B37F29B33B26C75,OrigemInvestimentoId,int,YES,
MSSQL_DroppedLedgerHistory_Investimento_Historico_54C3BF03476142428B37F29B33B26C75,Status,int,YES,
MSSQL_DroppedLedgerHistory_Investimento_Historico_54C3BF03476142428B37F29B33B26C75,Contrato,varchar,YES,-1
MSSQL_DroppedLedgerHistory_Investimento_Historico_54C3BF03476142428B37F29B33B26C75,CreatedOn,datetimeoffset,NO,
MSSQL_DroppedLedgerHistory_Investimento_Historico_54C3BF03476142428B37F29B33B26C75,CreatedByUserId,uniqueidentifier,YES,
MSSQL_DroppedLedgerHistory_Investimento_Historico_54C3BF03476142428B37F29B33B26C75,LastModifiedOn,datetime2,YES,
MSSQL_DroppedLedgerHistory_Investimento_Historico_54C3BF03476142428B37F29B33B26C75,ModifiedByUserId,uniqueidentifier,YES,
MSSQL_DroppedLedgerHistory_Investimento_Historico_54C3BF03476142428B37F29B33B26C75,ledger_start_transaction_id,bigint,NO,
MSSQL_DroppedLedgerHistory_Investimento_Historico_54C3BF03476142428B37F29B33B26C75,ledger_end_transaction_id,bigint,YES,
MSSQL_DroppedLedgerHistory_Investimento_Historico_54C3BF03476142428B37F29B33B26C75,ledger_start_sequence_number,bigint,NO,
MSSQL_DroppedLedgerHistory_Investimento_Historico_54C3BF03476142428B37F29B33B26C75,ledger_end_sequence_number,bigint,YES,
MSSQL_DroppedLedgerHistory_Investimento_Historico_6081F00882FC4CDAA550F77A8AA06A84,Id,int,NO,
MSSQL_DroppedLedgerHistory_Investimento_Historico_6081F00882FC4CDAA550F77A8AA06A84,InvestidorId,uniqueidentifier,NO,
MSSQL_DroppedLedgerHistory_Investimento_Historico_6081F00882FC4CDAA550F77A8AA06A84,AssessorId,uniqueidentifier,YES,
MSSQL_DroppedLedgerHistory_Investimento_Historico_6081F00882FC4CDAA550F77A8AA06A84,CampanhaId,int,NO,
MSSQL_DroppedLedgerHistory_Investimento_Historico_6081F00882FC4CDAA550F77A8AA06A84,ValorInvestido,decimal,NO,
MSSQL_DroppedLedgerHistory_Investimento_Historico_6081F00882FC4CDAA550F77A8AA06A84,OrigemInvestimentoId,int,YES,
MSSQL_DroppedLedgerHistory_Investimento_Historico_6081F00882FC4CDAA550F77A8AA06A84,DataCessao,datetimeoffset,YES,
MSSQL_DroppedLedgerHistory_Investimento_Historico_6081F00882FC4CDAA550F77A8AA06A84,Status,int,YES,
MSSQL_DroppedLedgerHistory_Investimento_Historico_6081F00882FC4CDAA550F77A8AA06A84,Contrato,varchar,YES,-1
MSSQL_DroppedLedgerHistory_Investimento_Historico_6081F00882FC4CDAA550F77A8AA06A84,CreatedOn,datetimeoffset,NO,
MSSQL_DroppedLedgerHistory_Investimento_Historico_6081F00882FC4CDAA550F77A8AA06A84,CreatedByUserId,uniqueidentifier,YES,
MSSQL_DroppedLedgerHistory_Investimento_Historico_6081F00882FC4CDAA550F77A8AA06A84,LastModifiedOn,datetime2,YES,
MSSQL_DroppedLedgerHistory_Investimento_Historico_6081F00882FC4CDAA550F77A8AA06A84,ModifiedByUserId,uniqueidentifier,YES,
MSSQL_DroppedLedgerHistory_Investimento_Historico_6081F00882FC4CDAA550F77A8AA06A84,ledger_start_transaction_id,bigint,NO,
MSSQL_DroppedLedgerHistory_Investimento_Historico_6081F00882FC4CDAA550F77A8AA06A84,ledger_end_transaction_id,bigint,YES,
MSSQL_DroppedLedgerHistory_Investimento_Historico_6081F00882FC4CDAA550F77A8AA06A84,ledger_start_sequence_number,bigint,NO,
MSSQL_DroppedLedgerHistory_Investimento_Historico_6081F00882FC4CDAA550F77A8AA06A84,ledger_end_sequence_number,bigint,YES,
MSSQL_DroppedLedgerTable_Investimento_38D592C58E3E4B139E52DD64BA4139DF,Id,int,NO,
MSSQL_DroppedLedgerTable_Investimento_38D592C58E3E4B139E52DD64BA4139DF,InvestidorId,uniqueidentifier,NO,
MSSQL_DroppedLedgerTable_Investimento_38D592C58E3E4B139E52DD64BA4139DF,AssessorId,uniqueidentifier,YES,
MSSQL_DroppedLedgerTable_Investimento_38D592C58E3E4B139E52DD64BA4139DF,CampanhaId,int,NO,
MSSQL_DroppedLedgerTable_Investimento_38D592C58E3E4B139E52DD64BA4139DF,ValorInvestido,decimal,NO,
MSSQL_DroppedLedgerTable_Investimento_38D592C58E3E4B139E52DD64BA4139DF,OrigemInvestimentoId,int,YES,
MSSQL_DroppedLedgerTable_Investimento_38D592C58E3E4B139E52DD64BA4139DF,DataCessao,datetimeoffset,YES,
MSSQL_DroppedLedgerTable_Investimento_38D592C58E3E4B139E52DD64BA4139DF,Status,int,YES,
MSSQL_DroppedLedgerTable_Investimento_38D592C58E3E4B139E52DD64BA4139DF,Contrato,varchar,YES,-1
MSSQL_DroppedLedgerTable_Investimento_38D592C58E3E4B139E52DD64BA4139DF,CreatedOn,datetimeoffset,NO,
MSSQL_DroppedLedgerTable_Investimento_38D592C58E3E4B139E52DD64BA4139DF,CreatedByUserId,uniqueidentifier,YES,
MSSQL_DroppedLedgerTable_Investimento_38D592C58E3E4B139E52DD64BA4139DF,LastModifiedOn,datetime2,YES,
MSSQL_DroppedLedgerTable_Investimento_38D592C58E3E4B139E52DD64BA4139DF,ModifiedByUserId,uniqueidentifier,YES,
MSSQL_DroppedLedgerTable_Investimento_38D592C58E3E4B139E52DD64BA4139DF,ledger_start_transaction_id,bigint,NO,
MSSQL_DroppedLedgerTable_Investimento_38D592C58E3E4B139E52DD64BA4139DF,ledger_end_transaction_id,bigint,YES,
MSSQL_DroppedLedgerTable_Investimento_38D592C58E3E4B139E52DD64BA4139DF,ledger_start_sequence_number,bigint,NO,
MSSQL_DroppedLedgerTable_Investimento_38D592C58E3E4B139E52DD64BA4139DF,ledger_end_sequence_number,bigint,YES,
MSSQL_DroppedLedgerTable_Investimento_39CA380E769B4303995AAC685082C152,Id,int,NO,
MSSQL_DroppedLedgerTable_Investimento_39CA380E769B4303995AAC685082C152,InvestidorId,uniqueidentifier,NO,
MSSQL_DroppedLedgerTable_Investimento_39CA380E769B4303995AAC685082C152,AssessorId,uniqueidentifier,NO,
MSSQL_DroppedLedgerTable_Investimento_39CA380E769B4303995AAC685082C152,CampanhaId,int,NO,
MSSQL_DroppedLedgerTable_Investimento_39CA380E769B4303995AAC685082C152,Tipo,int,YES,
MSSQL_DroppedLedgerTable_Investimento_39CA380E769B4303995AAC685082C152,ValorInvestido,decimal,NO,
MSSQL_DroppedLedgerTable_Investimento_39CA380E769B4303995AAC685082C152,OrigemInvestimentoId,int,YES,
MSSQL_DroppedLedgerTable_Investimento_39CA380E769B4303995AAC685082C152,Status,int,YES,
MSSQL_DroppedLedgerTable_Investimento_39CA380E769B4303995AAC685082C152,Contrato,varchar,YES,-1
MSSQL_DroppedLedgerTable_Investimento_39CA380E769B4303995AAC685082C152,CreatedOn,datetimeoffset,NO,
MSSQL_DroppedLedgerTable_Investimento_39CA380E769B4303995AAC685082C152,CreatedByUserId,uniqueidentifier,YES,
MSSQL_DroppedLedgerTable_Investimento_39CA380E769B4303995AAC685082C152,LastModifiedOn,datetime2,YES,
MSSQL_DroppedLedgerTable_Investimento_39CA380E769B4303995AAC685082C152,ModifiedByUserId,uniqueidentifier,YES,
MSSQL_DroppedLedgerTable_Investimento_39CA380E769B4303995AAC685082C152,ledger_start_transaction_id,bigint,NO,
MSSQL_DroppedLedgerTable_Investimento_39CA380E769B4303995AAC685082C152,ledger_end_transaction_id,bigint,YES,
MSSQL_DroppedLedgerTable_Investimento_39CA380E769B4303995AAC685082C152,ledger_start_sequence_number,bigint,NO,
MSSQL_DroppedLedgerTable_Investimento_39CA380E769B4303995AAC685082C152,ledger_end_sequence_number,bigint,YES,
MSSQL_DroppedLedgerView_Investimento_Ledger_97E33FD6D0BB4DFAA44C96B16E997D2A,Id,int,NO,
MSSQL_DroppedLedgerView_Investimento_Ledger_97E33FD6D0BB4DFAA44C96B16E997D2A,InvestidorId,uniqueidentifier,NO,
MSSQL_DroppedLedgerView_Investimento_Ledger_97E33FD6D0BB4DFAA44C96B16E997D2A,AssessorId,uniqueidentifier,NO,
MSSQL_DroppedLedgerView_Investimento_Ledger_97E33FD6D0BB4DFAA44C96B16E997D2A,CampanhaId,int,NO,
MSSQL_DroppedLedgerView_Investimento_Ledger_97E33FD6D0BB4DFAA44C96B16E997D2A,Tipo,int,YES,
MSSQL_DroppedLedgerView_Investimento_Ledger_97E33FD6D0BB4DFAA44C96B16E997D2A,ValorInvestido,decimal,NO,
MSSQL_DroppedLedgerView_Investimento_Ledger_97E33FD6D0BB4DFAA44C96B16E997D2A,OrigemInvestimentoId,int,YES,
MSSQL_DroppedLedgerView_Investimento_Ledger_97E33FD6D0BB4DFAA44C96B16E997D2A,Status,int,YES,
MSSQL_DroppedLedgerView_Investimento_Ledger_97E33FD6D0BB4DFAA44C96B16E997D2A,Contrato,varchar,YES,-1
MSSQL_DroppedLedgerView_Investimento_Ledger_97E33FD6D0BB4DFAA44C96B16E997D2A,CreatedOn,datetimeoffset,NO,
MSSQL_DroppedLedgerView_Investimento_Ledger_97E33FD6D0BB4DFAA44C96B16E997D2A,CreatedByUserId,uniqueidentifier,YES,
MSSQL_DroppedLedgerView_Investimento_Ledger_97E33FD6D0BB4DFAA44C96B16E997D2A,LastModifiedOn,datetime2,YES,
MSSQL_DroppedLedgerView_Investimento_Ledger_97E33FD6D0BB4DFAA44C96B16E997D2A,ModifiedByUserId,uniqueidentifier,YES,
MSSQL_DroppedLedgerView_Investimento_Ledger_97E33FD6D0BB4DFAA44C96B16E997D2A,ledger_transaction_id,bigint,YES,
MSSQL_DroppedLedgerView_Investimento_Ledger_97E33FD6D0BB4DFAA44C96B16E997D2A,ledger_sequence_number,bigint,YES,
MSSQL_DroppedLedgerView_Investimento_Ledger_97E33FD6D0BB4DFAA44C96B16E997D2A,ledger_operation_type,int,NO,
MSSQL_DroppedLedgerView_Investimento_Ledger_97E33FD6D0BB4DFAA44C96B16E997D2A,ledger_operation_type_desc,nvarchar,NO,6
MSSQL_DroppedLedgerView_Investimento_Ledger_D6299EC8B7094751B14F134F92EAD1E7,Id,int,NO,
MSSQL_DroppedLedgerView_Investimento_Ledger_D6299EC8B7094751B14F134F92EAD1E7,InvestidorId,uniqueidentifier,NO,
MSSQL_DroppedLedgerView_Investimento_Ledger_D6299EC8B7094751B14F134F92EAD1E7,AssessorId,uniqueidentifier,YES,
MSSQL_DroppedLedgerView_Investimento_Ledger_D6299EC8B7094751B14F134F92EAD1E7,CampanhaId,int,NO,
MSSQL_DroppedLedgerView_Investimento_Ledger_D6299EC8B7094751B14F134F92EAD1E7,ValorInvestido,decimal,NO,
MSSQL_DroppedLedgerView_Investimento_Ledger_D6299EC8B7094751B14F134F92EAD1E7,OrigemInvestimentoId,int,YES,
MSSQL_DroppedLedgerView_Investimento_Ledger_D6299EC8B7094751B14F134F92EAD1E7,DataCessao,datetimeoffset,YES,
MSSQL_DroppedLedgerView_Investimento_Ledger_D6299EC8B7094751B14F134F92EAD1E7,Status,int,YES,
MSSQL_DroppedLedgerView_Investimento_Ledger_D6299EC8B7094751B14F134F92EAD1E7,Contrato,varchar,YES,-1
MSSQL_DroppedLedgerView_Investimento_Ledger_D6299EC8B7094751B14F134F92EAD1E7,CreatedOn,datetimeoffset,NO,
MSSQL_DroppedLedgerView_Investimento_Ledger_D6299EC8B7094751B14F134F92EAD1E7,CreatedByUserId,uniqueidentifier,YES,
MSSQL_DroppedLedgerView_Investimento_Ledger_D6299EC8B7094751B14F134F92EAD1E7,LastModifiedOn,datetime2,YES,
MSSQL_DroppedLedgerView_Investimento_Ledger_D6299EC8B7094751B14F134F92EAD1E7,ModifiedByUserId,uniqueidentifier,YES,
MSSQL_DroppedLedgerView_Investimento_Ledger_D6299EC8B7094751B14F134F92EAD1E7,ledger_transaction_id,bigint,YES,
MSSQL_DroppedLedgerView_Investimento_Ledger_D6299EC8B7094751B14F134F92EAD1E7,ledger_sequence_number,bigint,YES,
MSSQL_DroppedLedgerView_Investimento_Ledger_D6299EC8B7094751B14F134F92EAD1E7,ledger_operation_type,int,NO,
MSSQL_DroppedLedgerView_Investimento_Ledger_D6299EC8B7094751B14F134F92EAD1E7,ledger_operation_type_desc,nvarchar,NO,6
PedidosDeRecuperacaoDeSenha,Id,uniqueidentifier,NO,
PedidosDeRecuperacaoDeSenha,Email,nvarchar,NO,-1
PedidosDeRecuperacaoDeSenha,UsuarioId,uniqueidentifier,NO,
PedidosDeRecuperacaoDeSenha,Codigo,uniqueidentifier,NO,
PedidosDeRecuperacaoDeSenha,Utilizado,bit,NO,
PedidosDeRecuperacaoDeSenha,UtilizadoEm,datetime2,YES,
permissao,Id,nvarchar,NO,100
permissao,Type,int,NO,
permissao,IsPublic,bit,NO,
permissao,Descricao,nvarchar,YES,255
permissao_filho,Id,uniqueidentifier,NO,
permissao_filho,PermissionId,nvarchar,YES,100
permissao_filho,ChildPermissionId,nvarchar,YES,100
pessoa,Id,uniqueidentifier,NO,
pessoa,Nome,nvarchar,NO,255
pessoa,UsuarioId,uniqueidentifier,YES,
pessoa,CPF,nvarchar,YES,450
pessoa,Nome_Social,varchar,YES,120
pessoa,Data_Nascimento,datetime2,YES,
pessoa,Sexo,char,YES,1
pessoa,Emancipado,bit,YES,
pessoa,Responsavel_Cpf,char,YES,11
pessoa,Responsavel_Nome,varchar,YES,120
pessoa,Naturalidade,varchar,YES,50
pessoa,Nacionalidade,nvarchar,YES,-1
pessoa,Estado_Civil,int,YES,
pessoa,Nome_Mae,varchar,YES,120
pessoa,Nome_Pai,varchar,YES,120
pessoa,Documento_Tipo,varchar,YES,50
pessoa,Documento_Numero,varchar,YES,20
pessoa,Documento_Emissor,varchar,YES,10
pessoa,Conjuge_Nome,varchar,YES,120
pessoa,Conjuge_Cpf,varchar,YES,20
pessoa,Trabalho_Razao_Social,nvarchar,YES,-1
pessoa,Trabalho_CNPJ,nvarchar,YES,-1
pessoa,IsPoliticamente_Exposta,bit,YES,
pessoa,Renda_Anual,decimal,YES,
pessoa,Valor_Patrimonial,decimal,YES,
pessoa,IsUSPerson,bit,YES,
pessoa,CreatedOn,datetime2,NO,
pessoa,LastModifiedOn,datetime2,YES,
pessoa,ModifiedByUserId,uniqueidentifier,YES,
pessoa,IsVinculada_Beegin,bit,YES,
pessoa,OcupacaoProfissional,nvarchar,YES,-1
pessoa,Renda_Anual_Data_Atualizacao,datetime2,YES,
pessoa,Valor_Patrimonial_Data_Atualizacao,datetime2,YES,
pessoa,CreatedByUserId,uniqueidentifier,YES,
pessoa,DeletedByUserId,uniqueidentifier,YES,
pessoa,DeletedOn,datetime2,YES,
pessoa,RowVersion,timestamp,NO,
pessoa_complemento,Id,uniqueidentifier,NO,
pessoa_complemento,PessoaId,uniqueidentifier,NO,
pessoa_complemento,Nome_Cargo,nvarchar,YES,-1
pessoa_complemento,Classe_Social,varchar,YES,100
pessoa_complemento,Renda_Presumida,decimal,NO,
pessoa_complemento,Nr_Registro_Geral,varchar,YES,20
pessoa_complemento,Orgao_Emissor_Rg,varchar,YES,10
pessoa_complemento,Estado_Emissor_Rg,char,YES,2
pessoa_complemento,Data_Emissor_Rg,datetime2,YES,
pessoa_complemento,Beneficiario_Final,bit,YES,
pessoa_complemento,IsGrandes_Fortunas,bit,YES,
pessoa_complemento,Data_Validade_Documento,datetime2,YES,
pessoa_endereco,Id,uniqueidentifier,NO,
pessoa_endereco,PessoaId,uniqueidentifier,NO,
pessoa_endereco,CEP,varchar,YES,8
pessoa_endereco,Estado,varchar,YES,2
pessoa_endereco,Cidade,varchar,YES,255
pessoa_endereco,Pais,varchar,YES,45
pessoa_endereco,Bairro,varchar,YES,255
pessoa_endereco,Logradouro,varchar,YES,255
pessoa_endereco,Numero,varchar,YES,15
pessoa_endereco,Complemento,varchar,YES,200
pessoa_endereco,Principal,bit,YES,
pessoa_endereco,TipoEndereco,int,YES,
pessoa_endereco,IsCEPValido,bit,YES,
pessoa_telefone,Id,uniqueidentifier,NO,
pessoa_telefone,PessoaId,uniqueidentifier,NO,
pessoa_telefone,CreatedOn,datetime2,NO,
pessoa_telefone,LastModifiedOn,datetime2,YES,
pessoa_telefone,ModifiedByUserId,uniqueidentifier,YES,
pessoa_telefone,CodigoPais,bigint,YES,
pessoa_telefone,DDD,bigint,YES,
pessoa_telefone,Numero,decimal,YES,
pessoa_telefone,Observacao,nvarchar,YES,255
pessoa_telefone,Ramal,decimal,YES,
pessoa_telefone,IsPrimary,bit,NO,
pessoa_telefone,TipoTelefone,int,YES,
pessoa_telefone,CreatedByUserId,uniqueidentifier,YES,
pessoa_telefone,DeletedByUserId,uniqueidentifier,YES,
pessoa_telefone,DeletedOn,datetime2,YES,
pessoa_telefone,RowVersion,timestamp,NO,
procurador,Id,uniqueidentifier,NO,
procurador,TipoCadastro,nvarchar,NO,-1
procurador,NomeCompleto_RazaoSocial,varchar,YES,100
procurador,Documento,varchar,YES,14
procurador,IsTransmissao_Ordens,bit,YES,
procurador,IsPEP,bit,YES,
procurador,Data_Validade,datetime2,YES,
procurador,InvestidorId,uniqueidentifier,NO,
procurador_endereco,Id,uniqueidentifier,NO,
procurador_endereco,ProcuradorId,uniqueidentifier,NO,
procurador_endereco,CEP,varchar,YES,8
procurador_endereco,Estado,varchar,YES,2
procurador_endereco,Cidade,varchar,YES,255
procurador_endereco,Pais,varchar,YES,45
procurador_endereco,Bairro,varchar,YES,255
procurador_endereco,Logradouro,varchar,YES,255
procurador_endereco,Numero,varchar,YES,15
procurador_endereco,Complemento,varchar,YES,200
procurador_endereco,Principal,bit,YES,
procurador_endereco,TipoEndereco,int,YES,
procurador_endereco,IsCEPValido,bit,YES,
report_entrepreneur,id,int,NO,
report_entrepreneur,file_name,nvarchar,NO,-1
report_entrepreneur,file,nvarchar,NO,-1
report_entrepreneur,created_at,datetime2,NO,
report_entrepreneur,campaign_id,int,NO,
sysdiagrams,name,nvarchar,NO,128
sysdiagrams,principal_id,int,NO,
sysdiagrams,diagram_id,int,NO,
sysdiagrams,version,int,YES,
sysdiagrams,definition,varbinary,YES,-1
usuario,Id,uniqueidentifier,NO,
usuario,Email,nvarchar,YES,300
usuario,AccountEnabled,bit,NO,
usuario,EmailConfirmed,bit,NO,
usuario,TermsOfServiceConsentDateTime,datetime2,YES,
usuario,LastSeenOnline,datetime2,YES,
usuario,PessoaId,uniqueidentifier,YES,
usuario,CreatedOn,datetime2,NO,
usuario,LastModifiedOn,datetime2,YES,
usuario,ModifiedByUserId,uniqueidentifier,YES,
usuario,NomeCompleto,nvarchar,YES,255
usuario,CreatedByUserId,uniqueidentifier,YES,
usuario,DeletedByUserId,uniqueidentifier,YES,
usuario,DeletedOn,datetime2,YES,
usuario,RowVersion,timestamp,NO,
usuario,Celular,nvarchar,YES,-1
usuario,CodigoPais,int,YES,
usuario,DDD,int,YES,
usuario_application,Id,uniqueidentifier,NO,
usuario_application,UserId,uniqueidentifier,NO,
usuario_application,ApplicationId,uniqueidentifier,NO,
usuario_application,TermsOfServiceConsentDateTime,datetime2,YES,
usuario_application,LastSeenOnline,datetime2,NO,
usuario_codigo,Id,uniqueidentifier,NO,
usuario_codigo,UsuarioId,uniqueidentifier,NO,
usuario_codigo,Codigo,nvarchar,NO,-1
usuario_codigo,ExpiresOn,datetime2,YES,
usuario_codigo,IsCancelled,bit,NO,
usuario_codigo,IsCompleted,bit,NO,
usuario_codigo,Result,nvarchar,YES,-1
usuario_codigo,CreatedOn,datetime2,NO,
usuario_codigo,Tipo,int,NO,
usuario_codigo,Valor,nvarchar,NO,255
usuario_codigo,VeiculoUtilizadoParaConfirmacao,int,YES,
usuario_identidade,Id,uniqueidentifier,NO,
usuario_identidade,UserId,uniqueidentifier,NO,
usuario_identidade,IssuerAssignedId,nvarchar,NO,100
usuario_identidade,Issuer,nvarchar,NO,512
usuario_identidade,SignInType,nvarchar,NO,450
usuario_identidade,CreatedOn,datetime2,NO,
usuario_identidade,LastModifiedOn,datetime2,YES,
usuario_identidade,ModifiedByUserId,uniqueidentifier,YES,
usuario_identidade,CreatedByUserId,uniqueidentifier,YES,
usuario_identidade,DeletedByUserId,uniqueidentifier,YES,
usuario_identidade,DeletedOn,datetime2,YES,
usuario_identidade,RowVersion,timestamp,NO,
usuario_permissao,Id,uniqueidentifier,NO,
usuario_permissao,UserId,uniqueidentifier,NO,
usuario_permissao,PermissionName,nvarchar,NO,100
usuario_permissao,Value,int,YES,
usuario_permissao,ObjectId,uniqueidentifier,YES,
usuario_permissao,EnterpriseId,uniqueidentifier,YES,
usuario_permissao,UsuarioId,uniqueidentifier,YES,
usuario_permissao,CreatedOn,datetime2,NO,
usuario_permissao,LastModifiedOn,datetime2,YES,
usuario_permissao,ModifiedByUserId,uniqueidentifier,YES,
usuario_permissao,CreatedByUserId,uniqueidentifier,YES,
usuario_permissao,DeletedByUserId,uniqueidentifier,YES,
usuario_permissao,DeletedOn,datetime2,YES,
usuario_permissao,RowVersion,timestamp,NO,
usuario_utm,Id,uniqueidentifier,NO,
usuario_utm,Source,nvarchar,YES,-1
usuario_utm,Medium,nvarchar,YES,-1
usuario_utm,Campaign,nvarchar,YES,-1
usuario_utm,Term,nvarchar,YES,-1
usuario_utm,Content,nvarchar,YES,-1
usuario_utm,CreatedByUserId,uniqueidentifier,YES,
usuario_utm,CreatedOn,datetime2,NO,
usuario_utm,DeletedByUserId,uniqueidentifier,YES,
usuario_utm,DeletedOn,datetime2,YES,
usuario_utm,LastModifiedOn,datetime2,YES,
usuario_utm,ModifiedByUserId,uniqueidentifier,YES,
usuario_utm,RowVersion,timestamp,NO,